{"cameraMode":{"drawMode":0,"name":"Shaded","section":"Shading Mode"},"sceneLighting":true,"audioPlay":false,"sceneViewState":{"m_AlwaysRefresh":false,"showFog":true,"showSkybox":true,"showFlares":true,"showImageEffects":true,"showParticleSystems":true,"showVisualEffectGraphs":true,"m_FxEnabled":true},"in2DMode":false,"pivot":{"x":150.8979034423828,"y":32.941184997558597,"z":-167.2694549560547},"rotation":{"x":-0.02468954585492611,"y":-0.9266148209571838,"z":0.061492592096328738,"w":-0.37028416991233828},"size":47.45748519897461,"orthographic":false}