{"cameraMode":{"drawMode":0,"name":"Shaded","section":"Shading Mode"},"sceneLighting":true,"audioPlay":false,"sceneViewState":{"m_AlwaysRefresh":false,"showFog":true,"showSkybox":true,"showFlares":true,"showImageEffects":true,"showParticleSystems":true,"showVisualEffectGraphs":true,"m_FxEnabled":true},"in2DMode":false,"pivot":{"x":25.150461196899415,"y":9.410371780395508,"z":-5.923161029815674},"rotation":{"x":0.1630520224571228,"y":-0.029907749965786935,"z":0.004643320571631193,"w":0.9863842129707336},"size":11.48276138305664,"orthographic":false}