{"cameraMode":{"drawMode":0,"name":"Shaded","section":"Shading Mode"},"sceneLighting":true,"audioPlay":false,"sceneViewState":{"m_AlwaysRefresh":false,"showFog":true,"showSkybox":true,"showFlares":true,"showImageEffects":true,"showParticleSystems":true,"showVisualEffectGraphs":true,"m_FxEnabled":true},"in2DMode":false,"pivot":{"x":-44.572242736816409,"y":23.61227798461914,"z":31.967233657836915},"rotation":{"x":0.06449293345212937,"y":0.8889088034629822,"z":-0.13185815513134004,"w":0.4340668320655823},"size":-25.999618530273439,"orthographic":false}