{"cameraMode":{"drawMode":0,"name":"Shaded","section":"Shading Mode"},"sceneLighting":true,"audioPlay":false,"sceneViewState":{"m_AlwaysRefresh":false,"showFog":true,"showSkybox":true,"showFlares":true,"showImageEffects":true,"showParticleSystems":true,"showVisualEffectGraphs":true,"m_FxEnabled":true},"in2DMode":false,"pivot":{"x":-41.456886291503909,"y":18.66974449157715,"z":-51.98007583618164},"rotation":{"x":0.001634103711694479,"y":0.9940945506095886,"z":0.01611333340406418,"w":-0.11052997410297394},"size":23.57793617248535,"orthographic":false}