{"cameraMode":{"drawMode":0,"name":"Shaded","section":"Shading Mode"},"sceneLighting":true,"audioPlay":false,"sceneViewState":{"m_AlwaysRefresh":false,"showFog":true,"showSkybox":true,"showFlares":true,"showImageEffects":true,"showParticleSystems":true,"showVisualEffectGraphs":true,"m_FxEnabled":true},"in2DMode":false,"pivot":{"x":28.599998474121095,"y":16.51000213623047,"z":37.17499542236328},"rotation":{"x":0.001634103711694479,"y":0.9940945506095886,"z":0.01611333340406418,"w":-0.11052997410297394},"size":158.3683319091797,"orthographic":false}