{"cameraMode":{"drawMode":0,"name":"Shaded","section":"Shading Mode"},"sceneLighting":true,"audioPlay":false,"sceneViewState":{"m_AlwaysRefresh":false,"showFog":true,"showSkybox":true,"showFlares":true,"showImageEffects":true,"showParticleSystems":true,"showVisualEffectGraphs":true,"m_FxEnabled":true},"in2DMode":false,"pivot":{"x":2.4699935913085939,"y":3.0200002193450929,"z":-2.213625192642212},"rotation":{"x":-0.030038926750421525,"y":-0.783154308795929,"z":0.037813276052474979,"w":-0.6200354695320129},"size":12.12435531616211,"orthographic":false}