{"cameraMode":{"drawMode":0,"name":"Shaded","section":"Shading Mode"},"sceneLighting":true,"audioPlay":false,"sceneViewState":{"m_AlwaysRefresh":false,"showFog":true,"showSkybox":true,"showFlares":true,"showImageEffects":true,"showParticleSystems":true,"showVisualEffectGraphs":true,"m_FxEnabled":true},"in2DMode":false,"pivot":{"x":28.186208724975587,"y":26.641464233398439,"z":42.665748596191409},"rotation":{"x":0.4148378074169159,"y":0.12891922891139985,"z":-0.059730615466833118,"w":0.8991230130195618},"size":89.83828735351563,"orthographic":false}