{"cameraMode":{"drawMode":0,"name":"Shaded","section":"Shading Mode"},"sceneLighting":true,"audioPlay":false,"sceneViewState":{"m_AlwaysRefresh":false,"showFog":true,"showSkybox":true,"showFlares":true,"showImageEffects":true,"showParticleSystems":true,"showVisualEffectGraphs":true,"m_FxEnabled":true},"in2DMode":false,"pivot":{"x":23.418249130249025,"y":9.027560234069825,"z":43.2535514831543},"rotation":{"x":0.04107590764760971,"y":0.47602105140686037,"z":-0.022446630522608758,"w":0.8785656094551086},"size":24.81835174560547,"orthographic":false}