{"cameraMode":{"drawMode":0,"name":"Shaded","section":"Shading Mode"},"sceneLighting":true,"audioPlay":false,"sceneViewState":{"m_AlwaysRefresh":false,"showFog":true,"showSkybox":true,"showFlares":true,"showImageEffects":true,"showParticleSystems":true,"showVisualEffectGraphs":true,"m_FxEnabled":true},"in2DMode":false,"pivot":{"x":31.717098236083986,"y":11.000000953674317,"z":27.138267517089845},"rotation":{"x":0.3210814297199249,"y":0.37929484248161318,"z":-0.14250174164772035,"w":0.8564097881317139},"size":15.97740364074707,"orthographic":false}