{"cameraMode":{"drawMode":0,"name":"Shaded","section":"Shading Mode"},"sceneLighting":true,"audioPlay":false,"sceneViewState":{"m_AlwaysRefresh":false,"showFog":true,"showSkybox":true,"showFlares":true,"showImageEffects":true,"showParticleSystems":true,"showVisualEffectGraphs":true,"m_FxEnabled":true},"in2DMode":false,"pivot":{"x":4.865930557250977,"y":1.1412317752838135,"z":-2.9323201179504396},"rotation":{"x":0.16989658772945405,"y":-0.3558497428894043,"z":0.07809324562549591,"w":0.9182248711585999},"size":2.457890033721924,"orthographic":false}